page_num,chapter_title,workbook_ref,lesson_title,section_code,q_label,answer,answer_yomi,2026-06-11_maru,2026-06-11_batsu,2026-06-10_batsu,2026-06-10_maru,2026-06-08_batsu,2026-06-08_maru,2026-06-07_maru,2026-06-07_batsu
2,第４章：武家政権の展開と世界の動き,本誌 P.2・3,大航海によって結びつく世界,地図,①,イ,,,,,2,,3,1,
2,第４章：武家政権の展開と世界の動き,本誌 P.2・3,大航海によって結びつく世界,地図,②,ア,,,,,2,,3,1,
2,第４章：武家政権の展開と世界の動き,本誌 P.2・3,大航海によって結びつく世界,A,①,ローマ教皇[法王],ろーまきょうこう[ほうおう],,,,1,,1,1,
2,第４章：武家政権の展開と世界の動き,本誌 P.2・3,大航海によって結びつく世界,A,②,十字軍,じゅうじぐん,,,,,,,1,
2,第４章：武家政権の展開と世界の動き,本誌 P.2・3,大航海によって結びつく世界,A,③,ルネサンス[文芸復興],るねさんす[ぶんげいふっこう],,,,,,2,1,
2,第４章：武家政権の展開と世界の動き,本誌 P.2・3,大航海によって結びつく世界,A,④,宗教改革,しゅうきょうかいかく,,,7,9,2,,1,
2,第４章：武家政権の展開と世界の動き,本誌 P.2・3,大航海によって結びつく世界,A,⑤,イエズス会,いえずすかい,,,4,2,,,,1
2,第４章：武家政権の展開と世界の動き,本誌 P.2・3,大航海によって結びつく世界,A,⑥,香辛料,こうしんりょう,,,,,,,1,
2,第４章：武家政権の展開と世界の動き,本誌 P.2・3,大航海によって結びつく世界,A,⑦,大航海時代,だいこうかいじだい,,,,,,,1,
2,第４章：武家政権の展開と世界の動き,本誌 P.2・3,大航海によって結びつく世界,A,⑧,コロンブス,,,,,1,,,,1
2,第４章：武家政権の展開と世界の動き,本誌 P.2・3,大航海によって結びつく世界,A,⑨,バスコ=ダ=ガマ,,,,,,,,2,1
2,第４章：武家政権の展開と世界の動き,本誌 P.2・3,大航海によって結びつく世界,A,⑩,マゼラン,,,,,,,,1,
2,第４章：武家政権の展開と世界の動き,本誌 P.2・3,大航海によって結びつく世界,A,⑪,インカ帝国,いんかていこく,,,,1,,,,1
2,第４章：武家政権の展開と世界の動き,本誌 P.2・3,大航海によって結びつく世界,A,⑫,オランダ,,,,,1,,,,1
2,第４章：武家政権の展開と世界の動き,本誌 P.2・3,大航海によって結びつく世界,A,⑬,鉄砲,てっぽう,,,,,,,1,1
2,第４章：武家政権の展開と世界の動き,本誌 P.2・3,大航海によって結びつく世界,A,⑭,南蛮貿易,なんばんぼうえき,,,,,,,1,
2,第４章：武家政権の展開と世界の動き,本誌 P.2・3,大航海によって結びつく世界,A,⑮,フランシスコ=ザビエル,,,,,,,,1,
2,第４章：武家政権の展開と世界の動き,本誌 P.2・3,大航海によって結びつく世界,A,⑯,キリシタン,,,,,,,,1,
2,第４章：武家政権の展開と世界の動き,本誌 P.2・3,大航海によって結びつく世界,B-1,(1),エルサレム,,,,1,,,,,1
2,第４章：武家政権の展開と世界の動き,本誌 P.2・3,大航海によって結びつく世界,B-1,(2),A,,,,,,,,1,
2,第４章：武家政権の展開と世界の動き,本誌 P.2・3,大航海によって結びつく世界,B-1,(3),ウ,,,,1,,,,,1
2,第４章：武家政権の展開と世界の動き,本誌 P.2・3,大航海によって結びつく世界,B-1,(4),ルター,,,,,,,,1,
2,第４章：武家政権の展開と世界の動き,本誌 P.2・3,大航海によって結びつく世界,B-2,(1),種子島,たねがしま,,,,,,,1,
2,第４章：武家政権の展開と世界の動き,本誌 P.2・3,大航海によって結びつく世界,B-2,(2),（例）日本でキリスト教を布教するため。,,,,,,,,1,
2,第４章：武家政権の展開と世界の動き,本誌 P.2・3,大航海によって結びつく世界,B-2,(3),銀,ぎん,,,,,,,1,
2,第４章：武家政権の展開と世界の動き,本誌 P.2・3,大航海によって結びつく世界,B-2,(4),（例）貿易の利益を得るため。,,,,1,,,,,1
2,第４章：武家政権の展開と世界の動き,本誌 P.2・3,大航海によって結びつく世界,B+,(1)①,B,,,,,,,,,1
2,第４章：武家政権の展開と世界の動き,本誌 P.2・3,大航海によって結びつく世界,B+,(1)②,C,,,,,,,,1,
2,第４章：武家政権の展開と世界の動き,本誌 P.2・3,大航海によって結びつく世界,B+,(1)③,A,,,,,,,,1,
2,第４章：武家政権の展開と世界の動き,本誌 P.2・3,大航海によって結びつく世界,B+,(2)X,スペイン,,,,,,,,,2
2,第４章：武家政権の展開と世界の動き,本誌 P.2・3,大航海によって結びつく世界,B+,(2)Y,ポルトガル,,,,,,,,,2
2,第４章：武家政権の展開と世界の動き,本誌 P.2・3,大航海によって結びつく世界,B+,(3),（例）アジアの香辛料などを直接取り引きするため。,,,,,,,,1,
3,第４章：武家政権の展開と世界の動き,本誌 P.4・5,戦乱から全国統一へ,地図,①,ア,,,,,,,,1,
3,第４章：武家政権の展開と世界の動き,本誌 P.4・5,戦乱から全国統一へ,地図,②,イ,,,,,,,,1,
3,第４章：武家政権の展開と世界の動き,本誌 P.4・5,戦乱から全国統一へ,A,①,織田信長,おだのぶなが,,,,,,,1,
3,第４章：武家政権の展開と世界の動き,本誌 P.4・5,戦乱から全国統一へ,A,②,室町,むろまち,,,,,,,1,
3,第４章：武家政権の展開と世界の動き,本誌 P.4・5,戦乱から全国統一へ,A,③,長篠の戦い,ながしののたたかい,,,1,,,,,1
3,第４章：武家政権の展開と世界の動き,本誌 P.4・5,戦乱から全国統一へ,A,④,安土城,あづちじょう,,,,,,,1,
3,第４章：武家政権の展開と世界の動き,本誌 P.4・5,戦乱から全国統一へ,A,⑤,楽市・楽座,らくいち・らくざ,,,,,,,1,
3,第４章：武家政権の展開と世界の動き,本誌 P.4・5,戦乱から全国統一へ,A,⑥,豊臣秀吉,とよとみひでよし,,,,,,,1,
3,第４章：武家政権の展開と世界の動き,本誌 P.4・5,戦乱から全国統一へ,A,⑦,刀狩,かたながり,,,,,,,1,
3,第４章：武家政権の展開と世界の動き,本誌 P.4・5,戦乱から全国統一へ,A,⑧,太閤検地,たいこうけんち,,,,,,,1,
3,第４章：武家政権の展開と世界の動き,本誌 P.4・5,戦乱から全国統一へ,A,⑨,兵農分離,へいのうぶんり,,,,,,,1,
3,第４章：武家政権の展開と世界の動き,本誌 P.4・5,戦乱から全国統一へ,A,⑩,キリスト教,きりすときょう,,,,,,,1,
3,第４章：武家政権の展開と世界の動き,本誌 P.4・5,戦乱から全国統一へ,A,⑪,朝鮮,ちょうせん,,,,,,,1,
3,第４章：武家政権の展開と世界の動き,本誌 P.4・5,戦乱から全国統一へ,A,⑫,天守,てんしゅ,,,,,,,1,
3,第４章：武家政権の展開と世界の動き,本誌 P.4・5,戦乱から全国統一へ,A,⑬,千利休,せんのりきゅう,,,,,,,1,
3,第４章：武家政権の展開と世界の動き,本誌 P.4・5,戦乱から全国統一へ,A,⑭,桃山文化,ももやまぶんか,,,,,,,1,
3,第４章：武家政権の展開と世界の動き,本誌 P.4・5,戦乱から全国統一へ,A,⑮,南蛮文化,なんばんぶんか,,,,,,,,1
3,第４章：武家政権の展開と世界の動き,本誌 P.4・5,戦乱から全国統一へ,A,⑯,かぶき踊り,かぶきおどり,,,,,,,1,
3,第４章：武家政権の展開と世界の動き,本誌 P.4・5,戦乱から全国統一へ,B-1,(1),長篠の戦い,ながしののたたかい,,,,,,,1,
3,第４章：武家政権の展開と世界の動き,本誌 P.4・5,戦乱から全国統一へ,B-1,(2)①,A,,,,,,,,1,
3,第４章：武家政権の展開と世界の動き,本誌 P.4・5,戦乱から全国統一へ,B-1,(2)②,（例）大量の鉄砲を使って戦っているから。,,,,,,,,1,
3,第４章：武家政権の展開と世界の動き,本誌 P.4・5,戦乱から全国統一へ,B-1,(3)a,市,,,,,,,,1,
3,第４章：武家政権の展開と世界の動き,本誌 P.4・5,戦乱から全国統一へ,B-1,(3)b,座,,,,,,,,1,
3,第４章：武家政権の展開と世界の動き,本誌 P.4・5,戦乱から全国統一へ,B-1,(4),イ、エ,,,,,,,,1,
3,第４章：武家政権の展開と世界の動き,本誌 P.4・5,戦乱から全国統一へ,B-2,(1),狩野永徳,かのうえいとく,,,,,,,1,
3,第４章：武家政権の展開と世界の動き,本誌 P.4・5,戦乱から全国統一へ,B-2,(2),茶の湯,ちゃのゆ,,,,,,,1,
3,第４章：武家政権の展開と世界の動き,本誌 P.4・5,戦乱から全国統一へ,B-2,(3),かぶき踊り,かぶきおどり,,,,,,,1,
3,第４章：武家政権の展開と世界の動き,本誌 P.4・5,戦乱から全国統一へ,B-2,(4),（例）豪商や戦国大名の経済力などを反映した、壮大で豪華な文化。,,,,,,,,1,
3,第４章：武家政権の展開と世界の動き,本誌 P.4・5,戦乱から全国統一へ,B+,(1),刀狩令,かたながりれい,,,,,,,1,
3,第４章：武家政権の展開と世界の動き,本誌 P.4・5,戦乱から全国統一へ,B+,(2)a,一揆,いっき,,,,,,,1,
3,第４章：武家政権の展開と世界の動き,本誌 P.4・5,戦乱から全国統一へ,B+,(2)b,年貢,ねんぐ,,,,,,,1,
3,第４章：武家政権の展開と世界の動き,本誌 P.4・5,戦乱から全国統一へ,B+,(3),（例）武士と百姓の身分の区別が明確になった。,,,,,,,,1,
4,第４章：武家政権の展開と世界の動き,本誌 P.6,近世のできごとの流れと重要資料①,流れ,①,鉄砲,てっぽう,,,,,,,,1
4,第４章：武家政権の展開と世界の動き,本誌 P.6,近世のできごとの流れと重要資料①,流れ,②,フランシスコ=ザビエル,,,,,,,,1,
4,第４章：武家政権の展開と世界の動き,本誌 P.6,近世のできごとの流れと重要資料①,流れ,③,南蛮貿易,なんばんぼうえき,,,,,,,1,
4,第４章：武家政権の展開と世界の動き,本誌 P.6,近世のできごとの流れと重要資料①,流れ,④,織田信長,おだのぶなが,,,,,,,1,
4,第４章：武家政権の展開と世界の動き,本誌 P.6,近世のできごとの流れと重要資料①,流れ,⑤,太閤検地,たいこうけんち,,,,,,,1,
4,第４章：武家政権の展開と世界の動き,本誌 P.6,近世のできごとの流れと重要資料①,流れ,⑥,刀狩,かたながり,,,,,,,1,
4,第４章：武家政権の展開と世界の動き,本誌 P.6,近世のできごとの流れと重要資料①,流れ,⑦,豊臣秀吉,とよとみひでよし,,,,,,,1,
4,第４章：武家政権の展開と世界の動き,本誌 P.6,近世のできごとの流れと重要資料①,流れ,⑧,十字軍,じゅうじぐん,,,,,,,1,
4,第４章：武家政権の展開と世界の動き,本誌 P.6,近世のできごとの流れと重要資料①,流れ,⑨,宗教改革,しゅうきょうかいかく,,,,,,,1,
4,第４章：武家政権の展開と世界の動き,本誌 P.6,近世のできごとの流れと重要資料①,流れ,⑩,コロンブス,,,,,,,,1,
4,第４章：武家政権の展開と世界の動き,本誌 P.6,近世のできごとの流れと重要資料①,流れ,⑪,兵農分離,へいのうぶんり,,,,,,,1,
4,第４章：武家政権の展開と世界の動き,本誌 P.6,近世のできごとの流れと重要資料①,資料,⑫,鉄砲,てっぽう,,,,,,,1,
4,第４章：武家政権の展開と世界の動き,本誌 P.6,近世のできごとの流れと重要資料①,資料,⑬,百姓,ひゃくしょう,,,,,,,1,
4,第４章：武家政権の展開と世界の動き,本誌 P.6,近世のできごとの流れと重要資料①,資料,⑭,狩野永徳,かのうえいとく,,,,,,,1,
4,第４章：武家政権の展開と世界の動き,本誌 P.6,近世のできごとの流れと重要資料①,資料,⑮,桃山,ももやま,,,,,,,1,
5,第４章：武家政権の展開と世界の動き,本誌 P.7,確かめ問題：結びつく世界と全国統一,1,(1),生糸・火薬,きいと・かやく,,,,,,,1,
5,第４章：武家政権の展開と世界の動き,本誌 P.7,確かめ問題：結びつく世界と全国統一,1,(2),ア,,,,,,,,1,
5,第４章：武家政権の展開と世界の動き,本誌 P.7,確かめ問題：結びつく世界と全国統一,1,(3)①,フランシスコ=ザビエル,,,,,,,,1,
5,第４章：武家政権の展開と世界の動き,本誌 P.7,確かめ問題：結びつく世界と全国統一,1,(3)②,（例）海外布教に力を入れていたから。,,1,,,,,,,1
5,第４章：武家政権の展開と世界の動き,本誌 P.7,確かめ問題：結びつく世界と全国統一,2,(1)①,織田信長,おだのぶなが,,,,,,,1,
5,第４章：武家政権の展開と世界の動き,本誌 P.7,確かめ問題：結びつく世界と全国統一,2,(1)②,（例）座による営業の独占を認めずに、自由な商工業の発展を図ろうとしたため。,,,1,,,,,,1
5,第４章：武家政権の展開と世界の動き,本誌 P.7,確かめ問題：結びつく世界と全国統一,2,(2)①,豊臣秀吉,とよとみひでよし,,,,,,,1,
5,第４章：武家政権の展開と世界の動き,本誌 P.7,確かめ問題：結びつく世界と全国統一,2,(2)②,（例）ポルトガルとの貿易を禁止しなかったから。,,,,,,,,,1
5,第４章：武家政権の展開と世界の動き,本誌 P.7,確かめ問題：結びつく世界と全国統一,2,(3),桃山文化,ももやまぶんか,,,,,,,1,
6,第４章：武家政権の展開と世界の動き,本誌 P.8・9,幕藩体制の始まりと貿易統制,地図,①,イ,,,,,,,1,1,
6,第４章：武家政権の展開と世界の動き,本誌 P.8・9,幕藩体制の始まりと貿易統制,地図,②,ア,,,,,,,1,1,
6,第４章：武家政権の展開と世界の動き,本誌 P.8・9,幕藩体制の始まりと貿易統制,A,①,徳川家康,とくがわいえやす,,,,,,1,1,
6,第４章：武家政権の展開と世界の動き,本誌 P.8・9,幕藩体制の始まりと貿易統制,A,②,関ヶ原の戦い,せきがはらのたたかい,,,,,,1,1,
6,第４章：武家政権の展開と世界の動き,本誌 P.8・9,幕藩体制の始まりと貿易統制,A,③,（江戸）幕府,えどばくふ,,,,,,1,1,
6,第４章：武家政権の展開と世界の動き,本誌 P.8・9,幕藩体制の始まりと貿易統制,A,④,幕領,ばくりょう,,,,,,1,1,
6,第４章：武家政権の展開と世界の動き,本誌 P.8・9,幕藩体制の始まりと貿易統制,A,⑤,藩,はん,1,,,,1,,1,
6,第４章：武家政権の展開と世界の動き,本誌 P.8・9,幕藩体制の始まりと貿易統制,A,⑥,幕藩体制,ばくはんたいせい,,,,,,1,1,
6,第４章：武家政権の展開と世界の動き,本誌 P.8・9,幕藩体制の始まりと貿易統制,A,⑦,武家諸法度,ぶけしょはっと,,,,,,1,1,
6,第４章：武家政権の展開と世界の動き,本誌 P.8・9,幕藩体制の始まりと貿易統制,A,⑧,江戸,えど,,,,,,1,1,
6,第４章：武家政権の展開と世界の動き,本誌 P.8・9,幕藩体制の始まりと貿易統制,A,⑨,参勤交代,さんきんこうたい,,,,,,2,1,
6,第４章：武家政権の展開と世界の動き,本誌 P.8・9,幕藩体制の始まりと貿易統制,A,⑩,朱印状,しゅいんじょう,,,,,,1,1,
6,第４章：武家政権の展開と世界の動き,本誌 P.8・9,幕藩体制の始まりと貿易統制,A,⑪,朱印船貿易,しゅいんせんぼうえき,,,,,,1,1,
6,第４章：武家政権の展開と世界の動き,本誌 P.8・9,幕藩体制の始まりと貿易統制,A,⑫,日本町,にほんまち,,,,,,1,1,
6,第４章：武家政権の展開と世界の動き,本誌 P.8・9,幕藩体制の始まりと貿易統制,A,⑬,キリスト教,きりすときょう,,,,,,1,1,
6,第４章：武家政権の展開と世界の動き,本誌 P.8・9,幕藩体制の始まりと貿易統制,A,⑭,島原・天草一揆,しまばら・あまくさいっき,,,,,,1,1,
6,第４章：武家政権の展開と世界の動き,本誌 P.8・9,幕藩体制の始まりと貿易統制,A,⑮,ポルトガル,,,1,,,1,,1,
6,第４章：武家政権の展開と世界の動き,本誌 P.8・9,幕藩体制の始まりと貿易統制,A,⑯,宗門改め,しゅうもんあらため,1,,,,1,,1,
6,第４章：武家政権の展開と世界の動き,本誌 P.8・9,幕藩体制の始まりと貿易統制,B-1,(1)①,老中,ろうじゅう,,,,,,,1,
6,第４章：武家政権の展開と世界の動き,本誌 P.8・9,幕藩体制の始まりと貿易統制,B-1,(1)②,京都所司代,きょうとしょしだい,,,,,,,1,
6,第４章：武家政権の展開と世界の動き,本誌 P.8・9,幕藩体制の始まりと貿易統制,B-1,(2)①,武家諸法度,ぶけしょはっと,,,,,,,1,
6,第４章：武家政権の展開と世界の動き,本誌 P.8・9,幕藩体制の始まりと貿易統制,B-1,(2)②,城,しろ,,,,,,,1,
6,第４章：武家政権の展開と世界の動き,本誌 P.8・9,幕藩体制の始まりと貿易統制,B-1,(2)③,参勤交代,さんきんこうたい,,,,,,,1,
6,第４章：武家政権の展開と世界の動き,本誌 P.8・9,幕藩体制の始まりと貿易統制,B-1,(2)④,徳川家光,とくがわいえみつ,,,,,,,1,
6,第４章：武家政権の展開と世界の動き,本誌 P.8・9,幕藩体制の始まりと貿易統制,B-2,(1)①,銀,ぎん,,,,,,,1,
6,第４章：武家政権の展開と世界の動き,本誌 P.8・9,幕藩体制の始まりと貿易統制,B-2,(1)②,生糸,きいと,,,,,,,1,
6,第４章：武家政権の展開と世界の動き,本誌 P.8・9,幕藩体制の始まりと貿易統制,B-2,(2),（例）多くの日本人が住むようになり、日本町もできた。,,,,,,,,1,
6,第４章：武家政権の展開と世界の動き,本誌 P.8・9,幕藩体制の始まりと貿易統制,B-2,(3),イ→ア→ウ,,,,,,,,1,
6,第４章：武家政権の展開と世界の動き,本誌 P.8・9,幕藩体制の始まりと貿易統制,B-2,(4),（例）日本を侵略するきっかけになると考えたから。,,,,,,,,1,
6,第４章：武家政権の展開と世界の動き,本誌 P.8・9,幕藩体制の始まりと貿易統制,B+,(1)A,親藩,しんぱん,,,,,,1,1,
6,第４章：武家政権の展開と世界の動き,本誌 P.8・9,幕藩体制の始まりと貿易統制,B+,(1)B,外様大名,とざまだいみょう,,,,,,1,1,
6,第４章：武家政権の展開と世界の動き,本誌 P.8・9,幕藩体制の始まりと貿易統制,B+,(2),（例）江戸から遠い地域に配置されている。,,,,,,,1,,1
7,第４章：武家政権の展開と世界の動き,本誌 P.10・11,貿易の窓口と琉球・アイヌ民族,地図,①,ア,,,,,,,1,1,
7,第４章：武家政権の展開と世界の動き,本誌 P.10・11,貿易の窓口と琉球・アイヌ民族,地図,②,イ,,,,,,,1,1,
7,第４章：武家政権の展開と世界の動き,本誌 P.10・11,貿易の窓口と琉球・アイヌ民族,A,①,鎖国,さこく,,,,,,1,1,
7,第４章：武家政権の展開と世界の動き,本誌 P.10・11,貿易の窓口と琉球・アイヌ民族,A,②,薩摩,さつま,,,,,,1,1,
7,第４章：武家政権の展開と世界の動き,本誌 P.10・11,貿易の窓口と琉球・アイヌ民族,A,③,キリスト教,きりすときょう,,,,,,1,1,
7,第４章：武家政権の展開と世界の動き,本誌 P.10・11,貿易の窓口と琉球・アイヌ民族,A,④,オランダ,,,,,,,1,1,
7,第４章：武家政権の展開と世界の動き,本誌 P.10・11,貿易の窓口と琉球・アイヌ民族,A,⑤,出島,でじま,,,,,,1,1,
7,第４章：武家政権の展開と世界の動き,本誌 P.10・11,貿易の窓口と琉球・アイヌ民族,A,⑥,オランダ風説書,おらんだふうせつがき,,,,,,1,1,
7,第４章：武家政権の展開と世界の動き,本誌 P.10・11,貿易の窓口と琉球・アイヌ民族,A,⑦,清,しん,,,,,,1,1,
7,第４章：武家政権の展開と世界の動き,本誌 P.10・11,貿易の窓口と琉球・アイヌ民族,A,⑧,唐人屋敷,とうじんやしき,,,,,,1,1,
7,第４章：武家政権の展開と世界の動き,本誌 P.10・11,貿易の窓口と琉球・アイヌ民族,A,⑨,宗氏,そうし,,,,,,1,1,
7,第４章：武家政権の展開と世界の動き,本誌 P.10・11,貿易の窓口と琉球・アイヌ民族,A,⑩,朝鮮通信使,ちょうせんつうしんし,,,,,,1,1,
7,第４章：武家政権の展開と世界の動き,本誌 P.10・11,貿易の窓口と琉球・アイヌ民族,A,⑪,琉球王国,りゅうきゅうおうこく,,,,,,1,1,
7,第４章：武家政権の展開と世界の動き,本誌 P.10・11,貿易の窓口と琉球・アイヌ民族,A,⑫,慶賀使,けいがし,,,,1,1,,1,
7,第４章：武家政権の展開と世界の動き,本誌 P.10・11,貿易の窓口と琉球・アイヌ民族,A,⑬,謝恩使,しゃおんし,,,,,,1,1,
7,第４章：武家政権の展開と世界の動き,本誌 P.10・11,貿易の窓口と琉球・アイヌ民族,A,⑭,松前藩,まつまえはん,,,,1,1,,1,
7,第４章：武家政権の展開と世界の動き,本誌 P.10・11,貿易の窓口と琉球・アイヌ民族,A,⑮,アイヌ民族,あいぬみんぞく,,,,,,1,1,
7,第４章：武家政権の展開と世界の動き,本誌 P.10・11,貿易の窓口と琉球・アイヌ民族,A,⑯,シャクシャイン,,,,,,,1,1,
7,第４章：武家政権の展開と世界の動き,本誌 P.10・11,貿易の窓口と琉球・アイヌ民族,B-1,(1),オランダ,,,,,,,,1,
7,第４章：武家政権の展開と世界の動き,本誌 P.10・11,貿易の窓口と琉球・アイヌ民族,B-1,(2),長崎奉行,ながさきぶぎょう,,,,,,,1,
7,第４章：武家政権の展開と世界の動き,本誌 P.10・11,貿易の窓口と琉球・アイヌ民族,B-1,(3)①,エ,,,,,,,,1,
7,第４章：武家政権の展開と世界の動き,本誌 P.10・11,貿易の窓口と琉球・アイヌ民族,B-1,(3)②,ア,,,,,,,,1,
7,第４章：武家政権の展開と世界の動き,本誌 P.10・11,貿易の窓口と琉球・アイヌ民族,B-1,(4),（例）キリスト教の布教を行わなかったから。,,,,,,,,1,
7,第４章：武家政権の展開と世界の動き,本誌 P.10・11,貿易の窓口と琉球・アイヌ民族,B-1,(5),対馬藩,つしまはん,,,,,,,1,
7,第４章：武家政権の展開と世界の動き,本誌 P.10・11,貿易の窓口と琉球・アイヌ民族,B-1,(6),朝鮮通信使,ちょうせんつうしんし,,,,,,,1,
7,第４章：武家政権の展開と世界の動き,本誌 P.10・11,貿易の窓口と琉球・アイヌ民族,B-2,(1),イ,,,,,,,,1,
7,第４章：武家政権の展開と世界の動き,本誌 P.10・11,貿易の窓口と琉球・アイヌ民族,B-2,(2),黒砂糖,くろざとう,,,,,,,1,
7,第４章：武家政権の展開と世界の動き,本誌 P.10・11,貿易の窓口と琉球・アイヌ民族,B-2,(3),アイヌ民族,あいぬみんぞく,,,,,,,1,
7,第４章：武家政権の展開と世界の動き,本誌 P.10・11,貿易の窓口と琉球・アイヌ民族,B-2,(4)①,シャクシャイン,,,,,,,,1,
7,第４章：武家政権の展開と世界の動き,本誌 P.10・11,貿易の窓口と琉球・アイヌ民族,B-2,(4)②,（例）アイヌ民族にとって不利な交換比率に、不満が高まったから。,,,,,,,,1,
7,第４章：武家政権の展開と世界の動き,本誌 P.10・11,貿易の窓口と琉球・アイヌ民族,B+,(1)A,清,しん,,,,,,1,1,
7,第４章：武家政権の展開と世界の動き,本誌 P.10・11,貿易の窓口と琉球・アイヌ民族,B+,(1)B,出島,でじま,,,,,,1,1,
7,第４章：武家政権の展開と世界の動き,本誌 P.10・11,貿易の窓口と琉球・アイヌ民族,B+,(2),（例）藩が窓口になって貿易や交易をしていた点。,,,1,,,3,,1,
8,第４章：武家政権の展開と世界の動き,本誌 P.12・13,身分制社会と産業の発達,地図,①,ア,,,,,,,2,1,
8,第４章：武家政権の展開と世界の動き,本誌 P.12・13,身分制社会と産業の発達,地図,②,イ,,,,,,,2,1,
8,第４章：武家政権の展開と世界の動き,本誌 P.12・13,身分制社会と産業の発達,A,①,兵農分離,へいのうぶんり,,,,,,2,1,
8,第４章：武家政権の展開と世界の動き,本誌 P.12・13,身分制社会と産業の発達,A,②,町人,ちょうにん,,,,,,2,1,
8,第４章：武家政権の展開と世界の動き,本誌 P.12・13,身分制社会と産業の発達,A,③,帯刀,たいとう,,,,,,2,1,
8,第４章：武家政権の展開と世界の動き,本誌 P.12・13,身分制社会と産業の発達,A,④,百姓,ひゃくしょう,,,,,,2,1,
8,第４章：武家政権の展開と世界の動き,本誌 P.12・13,身分制社会と産業の発達,A,⑤,本百姓,ほんびゃくしょう,,,,,,3,1,
8,第４章：武家政権の展開と世界の動き,本誌 P.12・13,身分制社会と産業の発達,A,⑥,水呑百姓,みずのみびゃくしょう,,,,,,2,1,
8,第４章：武家政権の展開と世界の動き,本誌 P.12・13,身分制社会と産業の発達,A,⑦,五人組,ごにんぐみ,,,,,,2,1,
8,第４章：武家政権の展開と世界の動き,本誌 P.12・13,身分制社会と産業の発達,A,⑧,徳川綱吉,とくがわつなよし,,,,,,2,1,
8,第４章：武家政権の展開と世界の動き,本誌 P.12・13,身分制社会と産業の発達,A,⑨,朱子学,しゅしがく,,,,1,1,1,1,
8,第４章：武家政権の展開と世界の動き,本誌 P.12・13,身分制社会と産業の発達,A,⑩,新田開発,しんでんかいはつ,,,,,,1,1,
8,第４章：武家政権の展開と世界の動き,本誌 P.12・13,身分制社会と産業の発達,A,⑪,備中鍬,びっちゅうぐわ,,,,,,1,1,
8,第４章：武家政権の展開と世界の動き,本誌 P.12・13,身分制社会と産業の発達,A,⑫,千歯こき,せんばこき,,,,,,1,1,
8,第４章：武家政権の展開と世界の動き,本誌 P.12・13,身分制社会と産業の発達,A,⑬,特産物,とくさんぶつ,,,,,,1,1,
8,第４章：武家政権の展開と世界の動き,本誌 P.12・13,身分制社会と産業の発達,A,⑭,綿花,めんか,,,,1,1,,1,
8,第４章：武家政権の展開と世界の動き,本誌 P.12・13,身分制社会と産業の発達,A,⑮,干鰯,ほしか,,,,1,1,,1,
8,第４章：武家政権の展開と世界の動き,本誌 P.12・13,身分制社会と産業の発達,A,⑯,佐渡,さど,,,,,,1,1,
8,第４章：武家政権の展開と世界の動き,本誌 P.12・13,身分制社会と産業の発達,B-1,(1)A,百姓,ひゃくしょう,,,,,,,1,
8,第４章：武家政権の展開と世界の動き,本誌 P.12・13,身分制社会と産業の発達,B-1,(1)B,武士,ぶし,,,,,,,1,
8,第４章：武家政権の展開と世界の動き,本誌 P.12・13,身分制社会と産業の発達,B-1,(2)①,本百姓,ほんびゃくしょう,,,,,,,1,
8,第４章：武家政権の展開と世界の動き,本誌 P.12・13,身分制社会と産業の発達,B-1,(2)②,水呑百姓,みずのみびゃくしょう,,,,,,,1,
8,第４章：武家政権の展開と世界の動き,本誌 P.12・13,身分制社会と産業の発達,B-1,(3),ア,,,,,,,,1,
8,第４章：武家政権の展開と世界の動き,本誌 P.12・13,身分制社会と産業の発達,B-1,(4),（例）犯罪を防止し、年貢の納入に連帯責任をとらせるため。,,,,,,,,1,
8,第４章：武家政権の展開と世界の動き,本誌 P.12・13,身分制社会と産業の発達,B-1,(5),商人,しょうにん,,,,,,,1,
8,第４章：武家政権の展開と世界の動き,本誌 P.12・13,身分制社会と産業の発達,B-1,(6),文治政治,ぶんちせいじ,,,,,,,1,
8,第４章：武家政権の展開と世界の動き,本誌 P.12・13,身分制社会と産業の発達,B-2,(1)A,イ,,,,,,,,1,
8,第４章：武家政権の展開と世界の動き,本誌 P.12・13,身分制社会と産業の発達,B-2,(1)B,ア,,,,,,,,1,
8,第４章：武家政権の展開と世界の動き,本誌 P.12・13,身分制社会と産業の発達,B-2,(2),（例）生産の効率が大きく上がった。,,,,,,,,1,
8,第４章：武家政権の展開と世界の動き,本誌 P.12・13,身分制社会と産業の発達,B-2,(3)X,足尾銅山,あしおどうざん,,,,,,,1,
8,第４章：武家政権の展開と世界の動き,本誌 P.12・13,身分制社会と産業の発達,B-2,(3)Y,生野銀山,いくのぎんざん,,,,,,,1,
8,第４章：武家政権の展開と世界の動き,本誌 P.12・13,身分制社会と産業の発達,B+,(1),増加,ぞうか,,,,,,1,1,
8,第４章：武家政権の展開と世界の動き,本誌 P.12・13,身分制社会と産業の発達,B+,(2),（例）幕府や藩が新田開発に力を注いだこと。,,,,,,,1,,1
9,第４章：武家政権の展開と世界の動き,本誌 P.14・15,陸の道・海の道と元禄文化,地図,①,イ,,,,,,,4,1,
9,第４章：武家政権の展開と世界の動き,本誌 P.14・15,陸の道・海の道と元禄文化,地図,②,ア,,,,,,,3,1,
9,第４章：武家政権の展開と世界の動き,本誌 P.14・15,陸の道・海の道と元禄文化,A,①,五街道,ごかいどう,,,,,,3,1,
9,第４章：武家政権の展開と世界の動き,本誌 P.14・15,陸の道・海の道と元禄文化,A,②,飛脚,ひきゃく,,,,,,3,1,
9,第４章：武家政権の展開と世界の動き,本誌 P.14・15,陸の道・海の道と元禄文化,A,③,西廻り航路,にしまわりこうろ,,,,,,3,1,
9,第４章：武家政権の展開と世界の動き,本誌 P.14・15,陸の道・海の道と元禄文化,A,④,東廻り航路,ひがしまわりこうろ,,,,,,3,1,
9,第４章：武家政権の展開と世界の動き,本誌 P.14・15,陸の道・海の道と元禄文化,A,⑤,三都,さんと,,,,,,3,1,
9,第４章：武家政権の展開と世界の動き,本誌 P.14・15,陸の道・海の道と元禄文化,A,⑥,江戸,えど,,,,,,3,1,
9,第４章：武家政権の展開と世界の動き,本誌 P.14・15,陸の道・海の道と元禄文化,A,⑦,京都,きょうと,,,,,,3,1,
9,第４章：武家政権の展開と世界の動き,本誌 P.14・15,陸の道・海の道と元禄文化,A,⑧,天下の台所,てんかのだいどころ,,,1,,1,2,1,
9,第４章：武家政権の展開と世界の動き,本誌 P.14・15,陸の道・海の道と元禄文化,A,⑨,蔵屋敷,くらやしき,,,,1,1,2,1,
9,第４章：武家政権の展開と世界の動き,本誌 P.14・15,陸の道・海の道と元禄文化,A,⑩,株仲間,かぶなかま,,,,,,3,1,
9,第４章：武家政権の展開と世界の動き,本誌 P.14・15,陸の道・海の道と元禄文化,A,⑪,元禄文化,げんろくぶんか,,,,,,3,1,
9,第４章：武家政権の展開と世界の動き,本誌 P.14・15,陸の道・海の道と元禄文化,A,⑫,井原西鶴,いはらさいかく,,,,1,1,2,1,
9,第４章：武家政権の展開と世界の動き,本誌 P.14・15,陸の道・海の道と元禄文化,A,⑬,近松門左衛門,ちかまつもんざえもん,,,,1,2,1,1,
9,第４章：武家政権の展開と世界の動き,本誌 P.14・15,陸の道・海の道と元禄文化,A,⑭,俳諧,はいかい,,,,1,1,1,1,
9,第４章：武家政権の展開と世界の動き,本誌 P.14・15,陸の道・海の道と元禄文化,A,⑮,浮世絵,うきよえ,,,,,,1,1,
9,第４章：武家政権の展開と世界の動き,本誌 P.14・15,陸の道・海の道と元禄文化,A,⑯,年中行事,ねんちゅうぎょうじ,,,,,,1,1,
9,第４章：武家政権の展開と世界の動き,本誌 P.14・15,陸の道・海の道と元禄文化,B-1,(1),Y,,,,,,,,1,
9,第４章：武家政権の展開と世界の動き,本誌 P.14・15,陸の道・海の道と元禄文化,B-1,(2)①,イ,,,,,,,,1,
9,第４章：武家政権の展開と世界の動き,本誌 P.14・15,陸の道・海の道と元禄文化,B-1,(2)②,エ,,,,,,,,1,
9,第４章：武家政権の展開と世界の動き,本誌 P.14・15,陸の道・海の道と元禄文化,B-1,(3),（例）独占的に営業を行う特権をもった商人の同業者の組織。,,,,,,,,1,
9,第４章：武家政権の展開と世界の動き,本誌 P.14・15,陸の道・海の道と元禄文化,B-2,(1),人形浄瑠璃,にんぎょうじょうるり,,,,,,,1,
9,第４章：武家政権の展開と世界の動き,本誌 P.14・15,陸の道・海の道と元禄文化,B-2,(2)B,菱川師宣,ひしかわもろのぶ,,,,,,,1,
9,第４章：武家政権の展開と世界の動き,本誌 P.14・15,陸の道・海の道と元禄文化,B-2,(2)C,尾形光琳,おがたこうりん,,,,,,,1,
9,第４章：武家政権の展開と世界の動き,本誌 P.14・15,陸の道・海の道と元禄文化,B-2,(3),松尾芭蕉,まつおばしょう,,,,,,,1,
9,第４章：武家政権の展開と世界の動き,本誌 P.14・15,陸の道・海の道と元禄文化,B-2,(4),浮世草子,うきよぞうし,,,,,,,1,
9,第４章：武家政権の展開と世界の動き,本誌 P.14・15,陸の道・海の道と元禄文化,B-2,(5),（例）都市の繁栄を背景に、経済的なゆとりをもったから。,,,,,,,,1,
9,第４章：武家政権の展開と世界の動き,本誌 P.14・15,陸の道・海の道と元禄文化,B+,(1)①,大阪,おおさか,,,,,,1,1,
9,第４章：武家政権の展開と世界の動き,本誌 P.14・15,陸の道・海の道と元禄文化,B+,(1)②,蔵屋敷,くらやしき,,,,,,1,1,
9,第４章：武家政権の展開と世界の動き,本誌 P.14・15,陸の道・海の道と元禄文化,B+,(2),（例）全国から集まった年貢米や特産物の取り引きが行われていたから。,,,,,,,1,,1
10,第４章：武家政権の展開と世界の動き,本誌 P.16・17,社会の変化と幕府の対策,地図,①,ア,,,,,,,5,1,
10,第４章：武家政権の展開と世界の動き,本誌 P.16・17,社会の変化と幕府の対策,地図,②,イ,,,,,,,5,1,
10,第４章：武家政権の展開と世界の動き,本誌 P.16・17,社会の変化と幕府の対策,A,①,徳川吉宗,とくがわよしむね,,,,1,1,3,1,
10,第４章：武家政権の展開と世界の動き,本誌 P.16・17,社会の変化と幕府の対策,A,②,上米の制,あげまいのせい,,,,1,1,3,1,
10,第４章：武家政権の展開と世界の動き,本誌 P.16・17,社会の変化と幕府の対策,A,③,享保の改革,きょうほうのかいかく,,,1,,1,3,1,
10,第４章：武家政権の展開と世界の動き,本誌 P.16・17,社会の変化と幕府の対策,A,④,公事方御定書,くじかたおさだめがき,,,,1,1,4,1,
10,第４章：武家政権の展開と世界の動き,本誌 P.16・17,社会の変化と幕府の対策,A,⑤,商品作物,しょうひんさくもつ,,,,1,1,3,1,
10,第４章：武家政権の展開と世界の動き,本誌 P.16・17,社会の変化と幕府の対策,A,⑥,問屋制家内工業,とんやせいかないこうぎょう,,,,1,1,2,1,
10,第４章：武家政権の展開と世界の動き,本誌 P.16・17,社会の変化と幕府の対策,A,⑦,百姓一揆,ひゃくしょういっき,,,,,1,2,1,
10,第４章：武家政権の展開と世界の動き,本誌 P.16・17,社会の変化と幕府の対策,A,⑧,打ちこわし,うちこわし,,,,,,2,1,
10,第４章：武家政権の展開と世界の動き,本誌 P.16・17,社会の変化と幕府の対策,A,⑨,田沼意次,たぬまおきつぐ,,,,,1,1,1,
10,第４章：武家政権の展開と世界の動き,本誌 P.16・17,社会の変化と幕府の対策,A,⑩,株仲間,かぶなかま,,,,,,1,1,
10,第４章：武家政権の展開と世界の動き,本誌 P.16・17,社会の変化と幕府の対策,A,⑪,長崎,ながさき,,,,,1,,1,
10,第４章：武家政権の展開と世界の動き,本誌 P.16・17,社会の変化と幕府の対策,A,⑫,寛政の改革,かんせいのかいかく,,,,,,,1,
10,第４章：武家政権の展開と世界の動き,本誌 P.16・17,社会の変化と幕府の対策,A,⑬,化政文化,かせいぶんか,,,,,,,1,
10,第４章：武家政権の展開と世界の動き,本誌 P.16・17,社会の変化と幕府の対策,A,⑭,葛飾北斎,かつしかほくさい,,,,,,,1,
10,第４章：武家政権の展開と世界の動き,本誌 P.16・17,社会の変化と幕府の対策,A,⑮,国学,こくがく,,,,,,,1,
10,第４章：武家政権の展開と世界の動き,本誌 P.16・17,社会の変化と幕府の対策,A,⑯,蘭学,らんがく,,,,,,,1,
10,第４章：武家政権の展開と世界の動き,本誌 P.16・17,社会の変化と幕府の対策,B-1,(1)A,徳川吉宗,とくがわよしむね,,,,,,,1,
10,第４章：武家政権の展開と世界の動き,本誌 P.16・17,社会の変化と幕府の対策,B-1,(1)B,松平定信,まつだいらさだのぶ,,,,,,,1,
10,第４章：武家政権の展開と世界の動き,本誌 P.16・17,社会の変化と幕府の対策,B-1,(2)A,イ,,,,,,,,1,
10,第４章：武家政権の展開と世界の動き,本誌 P.16・17,社会の変化と幕府の対策,B-1,(2)B,ウ,,,,,,,,1,
10,第４章：武家政権の展開と世界の動き,本誌 P.16・17,社会の変化と幕府の対策,B-1,(2)C,ア,,,,,,,,1,
10,第４章：武家政権の展開と世界の動き,本誌 P.16・17,社会の変化と幕府の対策,B-1,(3),朱子学,しゅしがく,,,,,,,1,
10,第４章：武家政権の展開と世界の動き,本誌 P.16・17,社会の変化と幕府の対策,B-1,(4),A→C→B,,,,,,,,1,1
10,第４章：武家政権の展開と世界の動き,本誌 P.16・17,社会の変化と幕府の対策,B-1,(5),（例）一揆の参加者が連帯して責任をとることを示すため。,,,,,,,,,1
10,第４章：武家政権の展開と世界の動き,本誌 P.16・17,社会の変化と幕府の対策,B-2,(1),寺子屋,てらこや,,,,,,,1,
10,第４章：武家政権の展開と世界の動き,本誌 P.16・17,社会の変化と幕府の対策,B-2,(2),伊能忠敬,いのうただたか,,,,,,,1,
10,第４章：武家政権の展開と世界の動き,本誌 P.16・17,社会の変化と幕府の対策,B-2,(3)①,歌川広重,うたがわひろしげ,,,,,,,1,1
10,第４章：武家政権の展開と世界の動き,本誌 P.16・17,社会の変化と幕府の対策,B-2,(3)②,杉田玄白,すぎたげんぱく,,,,,,,1,
10,第４章：武家政権の展開と世界の動き,本誌 P.16・17,社会の変化と幕府の対策,B-2,(4),（例）江戸を中心に栄えた庶民による文化。,,,,,,,,1,
10,第４章：武家政権の展開と世界の動き,本誌 P.16・17,社会の変化と幕府の対策,B+,(1),ウ,,,,,,,,1,
10,第４章：武家政権の展開と世界の動き,本誌 P.16・17,社会の変化と幕府の対策,B+,(2),（例）商業に重点を置いた政策を進めたから。,,,,,,,,,1
11,第４章：武家政権の展開と世界の動き,本誌 P.18・19,近世のできごとの流れと重要資料②,流れ,①,関ヶ原の戦い,せきがはらのたたかい,,,,,,,1,
11,第４章：武家政権の展開と世界の動き,本誌 P.18・19,近世のできごとの流れと重要資料②,流れ,②,徳川家康,とくがわいえやす,,,,,,,1,
11,第４章：武家政権の展開と世界の動き,本誌 P.18・19,近世のできごとの流れと重要資料②,流れ,③,朱印船,しゅいんせん,,,,,,,1,
11,第４章：武家政権の展開と世界の動き,本誌 P.18・19,近世のできごとの流れと重要資料②,流れ,④,武家諸法度,ぶけしょはっと,,,,,,,1,
11,第４章：武家政権の展開と世界の動き,本誌 P.18・19,近世のできごとの流れと重要資料②,流れ,⑤,藩,はん,,,,,,,1,
11,第４章：武家政権の展開と世界の動き,本誌 P.18・19,近世のできごとの流れと重要資料②,流れ,⑥,参勤交代,さんきんこうたい,,,,,,,1,
11,第４章：武家政権の展開と世界の動き,本誌 P.18・19,近世のできごとの流れと重要資料②,流れ,⑦,島原・天草一揆,しまばら・あまくさいっき,,,,,,,1,
11,第４章：武家政権の展開と世界の動き,本誌 P.18・19,近世のできごとの流れと重要資料②,流れ,⑧,鎖国,さこく,,,,,,,1,
11,第４章：武家政権の展開と世界の動き,本誌 P.18・19,近世のできごとの流れと重要資料②,流れ,⑨,シャクシャイン,,,,,,,,1,
11,第４章：武家政権の展開と世界の動き,本誌 P.18・19,近世のできごとの流れと重要資料②,流れ,⑩,徳川吉宗,とくがわよしむね,,,,,,,1,
11,第４章：武家政権の展開と世界の動き,本誌 P.18・19,近世のできごとの流れと重要資料②,流れ,⑪,公事方御定書,くじかたおさだめがき,,,,,,,1,
11,第４章：武家政権の展開と世界の動き,本誌 P.18・19,近世のできごとの流れと重要資料②,流れ,⑫,文治政治,ぶんちせいじ,,,,,,,1,
11,第４章：武家政権の展開と世界の動き,本誌 P.18・19,近世のできごとの流れと重要資料②,流れ,⑬,打ちこわし,うちこわし,,,,,,,1,
11,第４章：武家政権の展開と世界の動き,本誌 P.18・19,近世のできごとの流れと重要資料②,流れ,⑭,株仲間,かぶなかま,,,,,,,1,
11,第４章：武家政権の展開と世界の動き,本誌 P.18・19,近世のできごとの流れと重要資料②,流れ,⑮,寛政の改革,かんせいのかいかく,,,,,,,1,
11,第４章：武家政権の展開と世界の動き,本誌 P.18・19,近世のできごとの流れと重要資料②,流れ,⑯,百姓一揆,ひゃくしょういっき,,,,,,,1,
11,第４章：武家政権の展開と世界の動き,本誌 P.18・19,近世のできごとの流れと重要資料②,資料,⑰,老中,ろうじゅう,,,,,,,1,
11,第４章：武家政権の展開と世界の動き,本誌 P.18・19,近世のできごとの流れと重要資料②,資料,⑱,大名,だいみょう,,,,,,,1,
11,第４章：武家政権の展開と世界の動き,本誌 P.18・19,近世のできごとの流れと重要資料②,資料,⑲,武家諸法度,ぶけしょはっと,,,,,,,1,
11,第４章：武家政権の展開と世界の動き,本誌 P.18・19,近世のできごとの流れと重要資料②,資料,⑳,オランダ,,,,,,,,1,
11,第４章：武家政権の展開と世界の動き,本誌 P.18・19,近世のできごとの流れと重要資料②,資料,㉑,浮世絵,うきよえ,,,,,,,1,
11,第４章：武家政権の展開と世界の動き,本誌 P.18・19,近世のできごとの流れと重要資料②,資料,㉒,元禄,げんろく,,,,,,,1,
11,第４章：武家政権の展開と世界の動き,本誌 P.18・19,近世のできごとの流れと重要資料②,資料,㉓,増加,ぞうか,,,,,,,1,
11,第４章：武家政権の展開と世界の動き,本誌 P.18・19,近世のできごとの流れと重要資料②,資料,㉔,葛飾北斎,かつしかほくさい,,,,,,,1,
11,第４章：武家政権の展開と世界の動き,本誌 P.18・19,近世のできごとの流れと重要資料②,資料,㉕,化政,かせい,,,,,,,1,
12,第４章：武家政権の展開と世界の動き,本誌 P.20・21,確かめ問題：江戸幕府の政治／産業の発達と社会,1,(1)①,島原・天草一揆,しまばら・あまくさいっき,,,,,,,1,
12,第４章：武家政権の展開と世界の動き,本誌 P.20・21,確かめ問題：江戸幕府の政治／産業の発達と社会,1,(1)②,ウ→ア→A→イ,,,,,,,,1,
12,第４章：武家政権の展開と世界の動き,本誌 P.20・21,確かめ問題：江戸幕府の政治／産業の発達と社会,1,(2),イ,,,,,,,,1,
12,第４章：武家政権の展開と世界の動き,本誌 P.20・21,確かめ問題：江戸幕府の政治／産業の発達と社会,1,(3),松尾芭蕉,まつおばしょう,,,,,,,1,
12,第４章：武家政権の展開と世界の動き,本誌 P.20・21,確かめ問題：江戸幕府の政治／産業の発達と社会,1,(4),葛飾北斎・歌川広重,かつしかほくさい・うたがわひろしげ,,,,,,,1,
12,第４章：武家政権の展開と世界の動き,本誌 P.20・21,確かめ問題：江戸幕府の政治／産業の発達と社会,1,(5),（例）楽に脱穀ができる千歯こきなどの新しい農具の使用が広がったから。,,,,,1,,,,1
12,第４章：武家政権の展開と世界の動き,本誌 P.20・21,確かめ問題：江戸幕府の政治／産業の発達と社会,1,(6),（例）貨幣の原料がとれる鉱山があったから。,,,,1,,,,,1
12,第４章：武家政権の展開と世界の動き,本誌 P.20・21,確かめ問題：江戸幕府の政治／産業の発達と社会,2,(1),ウ,,,,,,,,1,
12,第４章：武家政権の展開と世界の動き,本誌 P.20・21,確かめ問題：江戸幕府の政治／産業の発達と社会,2,(2)①,武家諸法度,ぶけしょはっと,,,,,,,1,
12,第４章：武家政権の展開と世界の動き,本誌 P.20・21,確かめ問題：江戸幕府の政治／産業の発達と社会,2,(2)X,江戸,えど,,,,,,,1,
12,第４章：武家政権の展開と世界の動き,本誌 P.20・21,確かめ問題：江戸幕府の政治／産業の発達と社会,2,(2)Y,将軍,しょうぐん,,,,,,,1,
12,第４章：武家政権の展開と世界の動き,本誌 P.20・21,確かめ問題：江戸幕府の政治／産業の発達と社会,2,(3),松前,まつまえ,,,,,,,1,
12,第４章：武家政権の展開と世界の動き,本誌 P.20・21,確かめ問題：江戸幕府の政治／産業の発達と社会,2,(4),ア、エ,,,,,,,,1,
12,第４章：武家政権の展開と世界の動き,本誌 P.20・21,確かめ問題：江戸幕府の政治／産業の発達と社会,2,(5),ウ,,,,,,,,1,
12,第４章：武家政権の展開と世界の動き,本誌 P.20・21,確かめ問題：江戸幕府の政治／産業の発達と社会,3,(1)①,徳川吉宗,とくがわよしむね,,,,,,,1,
12,第４章：武家政権の展開と世界の動き,本誌 P.20・21,確かめ問題：江戸幕府の政治／産業の発達と社会,3,(1)②,目安箱,めやすばこ,,,,,,,1,
12,第４章：武家政権の展開と世界の動き,本誌 P.20・21,確かめ問題：江戸幕府の政治／産業の発達と社会,3,(2),（例）新田開発を進めたことで、年貢の収納高が増えた。,,,,,1,,,,1
12,第４章：武家政権の展開と世界の動き,本誌 P.20・21,確かめ問題：江戸幕府の政治／産業の発達と社会,3,(3),（例）幕府の収入を増やすため、株仲間の公認や輸出を拡大する政策を行った。,,,,,,,,,1
13,第４章：武家政権の展開と世界の動き,本誌 P.22,流れをおさえる並べかえ問題（近世）,並べかえ,①,イ→ウ→ア→エ,,,,,,,,1,
13,第４章：武家政権の展開と世界の動き,本誌 P.22,流れをおさえる並べかえ問題（近世）,並べかえ,②,エ→ア→イ→ウ,,,,,,,,1,
13,第４章：武家政権の展開と世界の動き,本誌 P.22,流れをおさえる並べかえ問題（近世）,並べかえ,③,イ→エ→ウ→ア,,,,,,,,1,
13,第４章：武家政権の展開と世界の動き,本誌 P.22,流れをおさえる並べかえ問題（近世）,並べかえ,④,ア→イ→エ→ウ,,,,,,,,1,
13,第４章：武家政権の展開と世界の動き,本誌 P.22,流れをおさえる並べかえ問題（近世）,並べかえ,⑤,ウ→ア→イ→エ,,,,,,,,1,
13,第４章：武家政権の展開と世界の動き,本誌 P.22,流れをおさえる並べかえ問題（近世）,並べかえ,⑥,ウ→イ→ア→エ,,,,,,,,1,
14,第４章：武家政権の展開と世界の動き,本誌 P.23,よく出る短文記述問題（近世）,記述,(1)①,キリスト教,きりすときょう,,,,,,,1,
14,第４章：武家政権の展開と世界の動き,本誌 P.23,よく出る短文記述問題（近世）,記述,(1)②,香辛料,こうしんりょう,,,,,,,1,
14,第４章：武家政権の展開と世界の動き,本誌 P.23,よく出る短文記述問題（近世）,記述,(1)③,取り引き,とりひき,,,,,,,1,
14,第４章：武家政権の展開と世界の動き,本誌 P.23,よく出る短文記述問題（近世）,記述,(2)①,キリスト教,きりすときょう,,,,,,,1,
14,第４章：武家政権の展開と世界の動き,本誌 P.23,よく出る短文記述問題（近世）,記述,(2)②,布教しない,ふきょうしない,,,,,,,1,
14,第４章：武家政権の展開と世界の動き,本誌 P.23,よく出る短文記述問題（近世）,記述,(3),（例）（大名が）1年おきに江戸と領地とを行き来する制度。,,,,,,,,1,
14,第４章：武家政権の展開と世界の動き,本誌 P.23,よく出る短文記述問題（近世）,記述,(4),（例）米の生産量を増やし、年貢による収入を増やすため。,,,,,,,,1,
14,第４章：武家政権の展開と世界の動き,本誌 P.23,よく出る短文記述問題（近世）,記述,(5),（例）（株仲間に）税を納めさせて、幕府の財政を立て直すため。,,,,,,,,1,
14,第４章：武家政権の展開と世界の動き,本誌 P.23,よく出る短文記述問題（近世）,記述,(6),（例）武士と百姓との身分を区別する兵農分離が進んだ。,,,,,,,,1,
14,第４章：武家政権の展開と世界の動き,本誌 P.23,よく出る短文記述問題（近世）,記述,(7),（例）江戸から近い地域に親藩や譜代大名を配置し、江戸から遠い地域に外様大名を配置している。,,,,,,,,1,
5,,,,D,(1),生糸／火薬,,,,,,,1,,
5,,,,D,(2),ア,,,,,,,1,,
5,,,,D,(3)①,フランシスコ=ザビエル,,,,,,,1,,
5,,,,D,(3)②,（例）海外布教に力を入れていたから。,,,,,,,1,,
5,,,,D,(1)①,織田信長,,,,,,,1,,
5,,,,D,(1)②,（例）座による営業の独占を認めずに、自由な商工業の発展を図ろうとしたため。,,,,,,,1,,
5,,,,D,(2)①,豊臣秀吉,,,,,,,1,,
5,,,,D,(2)②,（例）ポルトガルとの貿易を禁止しなかったから。,,,,,,,1,,
5,,,,D,(3),桃山文化,,,,,,,1,,
6,,,,B,(1)①,老中,,,,,,,2,,
6,,,,B,(1)②,京都所司代,,,,,,,2,,
6,,,,B,(2)①,武家諸法度,,,,,,,1,,
6,,,,B,(2)②,城,,,,,,,1,,
6,,,,B,(2)③,参勤交代,,,,,,,1,,
6,,,,B,(2)④,徳川家光,,,,,,,1,,
6,,,,B,(2),（例）多くの日本人が住むようになり、日本町もできた。,,,,,,,1,,
6,,,,B,(3),イ→ア→ウ,,,,,,,1,,
6,,,,B,(4),（例）日本を侵略するきっかけになると考えたから。,,,,,,1,,,
7,,,,B,(1),オランダ,,,,,,,2,,
7,,,,B,(2),長崎奉行,,,,,,1,1,,
7,,,,B,(3)①,エ,,,,,,,1,,
7,,,,B,(3)②,ア,,,,,,,1,,
7,,,,B,(4),（例）キリスト教の布教を行わなかったから。,,,,,,,1,,
7,,,,B,(5),対馬藩,,,,,,,1,,
7,,,,B,(6),朝鮮通信使,,,,,,,1,,
7,,,,B,(3),アイヌ民族,,,,,,,1,,
7,,,,B,(4)①,シャクシャイン,,,,,,,1,,
7,,,,B,(4)②,（例）アイヌ民族にとって不利な交換比率に、不満が高まったから。,,,,,,1,,,
8,,,,B,(1)A,百姓,,,,,,,2,,
8,,,,B,(1)B,武士,,,,,,,2,,
8,,,,B,(2)①,本百姓,,,,,,,1,,
8,,,,B,(2)②,水呑百姓,,,,,,,1,,
8,,,,B,(3),ア,,,,,,,1,,
8,,,,B,(4),（例）犯罪を防止し、年貢の納入に連帯責任をとらせるため。,,,,,,,1,,
8,,,,B,(5),商人,,,,,,,1,,
8,,,,B,(6),文治政治,,,,,,,1,,
8,,,,B,(2),（例）生産の効率が大きく上がった。,,,,,,,1,,
8,,,,B,(3)X,足尾銅山,,,,,,,1,,
8,,,,B,(3)Y,生野銀山,,,,,,,1,,
9,,,,B,(1),Y,,,,,,,2,,
9,,,,B,(2)①,イ,,,,,,1,1,,
9,,,,B,(2)②,エ,,,,,,,1,,
9,,,,B,(3),（例）独占的に営業を行う特権をもった商人の同業者の組織。,,,,,,1,1,,
9,,,,B,(2)B,菱川師宣,,,,,,1,,,
9,,,,B,(2)C,尾形光琳,,,,,,1,,,
9,,,,B,(4),浮世草子,,,,,,1,,,
9,,,,B,(5),（例）都市の繁栄を背景に、経済的なゆとりをもったから。,,,,,,,1,,
